
-- ============================================
-- CUSTOMERS
-- ============================================
INSERT INTO customers (first_name, last_name, email, subscription_plan, created_at) VALUES
('Chloé', 'Petit', 'chloé.petit.1@example.com', 'pro', '2025-02-22'),
('Liam', 'Petit', 'liam.petit.2@example.com', 'free', '2024-04-04'),
('Chloé', 'Brown', 'chloé.brown.3@example.com', 'free', '2024-07-23'),
('Jack', 'Durand', 'jack.durand.4@example.com', 'pro', '2024-05-08'),
('Isabella', 'Lopez', 'isabella.lopez.5@example.com', 'free', '2026-01-22'),
('Bob', 'Bernard', 'bob.bernard.6@example.com', 'free', '2025-06-11'),
('Jack', 'Petit', 'jack.petit.7@example.com', 'pro', '2024-03-23'),
('Emma', 'Johnson', 'emma.johnson.8@example.com', 'plus', '2024-09-03'),
('George', 'Durand', 'george.durand.9@example.com', 'free', '2024-05-12'),
('Alice', 'Moreau', 'alice.moreau.10@example.com', 'plus', '2025-11-16'),
('Bob', 'Martin', 'bob.martin.11@example.com', 'plus', '2025-03-10'),
('Jack', 'Lefevre', 'jack.lefevre.12@example.com', 'pro', '2024-05-26'),
('Hannah', 'Johnson', 'hannah.johnson.13@example.com', 'pro', '2025-12-15'),
('Olivia', 'Johnson', 'olivia.johnson.14@example.com', 'pro', '2025-09-29'),
('Léa', 'Brown', 'léa.brown.15@example.com', 'plus', '2024-10-22'),
('Alice', 'Robert', 'alice.robert.16@example.com', 'plus', '2024-12-24'),
('Hannah', 'Robert', 'hannah.robert.17@example.com', 'free', '2025-09-20'),
('Ethan', 'Johnson', 'ethan.johnson.18@example.com', 'pro', '2024-10-02'),
('Mia', 'Robert', 'mia.robert.19@example.com', 'pro', '2024-09-08'),
('Emma', 'Smith', 'emma.smith.20@example.com', 'plus', '2025-03-18'),
('Fiona', 'Lopez', 'fiona.lopez.21@example.com', 'free', '2024-12-20'),
('Léa', 'Nguyen', 'léa.nguyen.22@example.com', 'plus', '2024-07-19'),
('Chloé', 'Fournier', 'chloé.fournier.23@example.com', 'plus', '2025-10-23'),
('Liam', 'Johnson', 'liam.johnson.24@example.com', 'pro', '2025-06-16'),
('Liam', 'Martin', 'liam.martin.25@example.com', 'pro', '2024-04-19'),
('Charlie', 'Simon', 'charlie.simon.26@example.com', 'free', '2025-01-31'),
('Bob', 'Nguyen', 'bob.nguyen.27@example.com', 'plus', '2024-01-10'),
('George', 'Brown', 'george.brown.28@example.com', 'free', '2024-07-19'),
('Lucas', 'Laurent', 'lucas.laurent.29@example.com', 'free', '2024-01-11'),
('Mia', 'Nguyen', 'mia.nguyen.30@example.com', 'free', '2025-11-22'),
('Jack', 'Moreau', 'jack.moreau.31@example.com', 'plus', '2025-02-05'),
('Isabella', 'Martin', 'isabella.martin.32@example.com', 'pro', '2024-07-25'),
('Lucas', 'Nguyen', 'lucas.nguyen.33@example.com', 'free', '2024-06-23'),
('George', 'Simon', 'george.simon.34@example.com', 'pro', '2026-01-17'),
('Sarah', 'Smith', 'sarah.smith.35@example.com', 'pro', '2025-03-12'),
('Charlie', 'Martin', 'charlie.martin.36@example.com', 'plus', '2025-12-09'),
('Sarah', 'Robert', 'sarah.robert.37@example.com', 'plus', '2024-08-03'),
('Lucas', 'Dubois', 'lucas.dubois.38@example.com', 'plus', '2024-07-01'),
('David', 'Roux', 'david.roux.39@example.com', 'pro', '2024-12-30'),
('Olivia', 'Garcia', 'olivia.garcia.40@example.com', 'plus', '2025-01-08'),
('Charlie', 'Bernard', 'charlie.bernard.41@example.com', 'free', '2025-03-17'),
('Sophia', 'Dubois', 'sophia.dubois.42@example.com', 'plus', '2025-06-25'),
('George', 'Johnson', 'george.johnson.43@example.com', 'plus', '2025-12-21'),
('Alice', 'Smith', 'alice.smith.44@example.com', 'plus', '2024-12-01'),
('Sophia', 'Garcia', 'sophia.garcia.45@example.com', 'free', '2025-10-11'),
('Bob', 'Garcia', 'bob.garcia.46@example.com', 'pro', '2025-11-24'),
('Isabella', 'Robert', 'isabella.robert.47@example.com', 'plus', '2024-12-07'),
('George', 'Petit', 'george.petit.48@example.com', 'pro', '2025-02-15'),
('Lucas', 'Laurent', 'lucas.laurent.49@example.com', 'plus', '2025-08-16'),
('Noah', 'Laurent', 'noah.laurent.50@example.com', 'pro', '2024-03-05'),
('Chloé', 'Garcia', 'chloé.garcia.51@example.com', 'pro', '2025-03-21'),
('Charlie', 'Richard', 'charlie.richard.52@example.com', 'pro', '2025-08-05'),
('Lucas', 'Dubois', 'lucas.dubois.53@example.com', 'plus', '2025-02-28'),
('Sarah', 'Moreau', 'sarah.moreau.54@example.com', 'pro', '2024-11-04'),
('Ethan', 'Roux', 'ethan.roux.55@example.com', 'plus', '2024-09-03'),
('Lucas', 'Garcia', 'lucas.garcia.56@example.com', 'plus', '2024-02-28'),
('Mia', 'Brown', 'mia.brown.57@example.com', 'pro', '2024-05-11'),
('Jack', 'Petit', 'jack.petit.58@example.com', 'pro', '2024-04-25'),
('Alice', 'Laurent', 'alice.laurent.59@example.com', 'pro', '2025-12-27'),
('Léa', 'Johnson', 'léa.johnson.60@example.com', 'free', '2024-09-01'),
('Léa', 'Lopez', 'léa.lopez.61@example.com', 'free', '2025-04-25'),
('Noah', 'Garcia', 'noah.garcia.62@example.com', 'pro', '2024-05-20'),
('George', 'Robert', 'george.robert.63@example.com', 'pro', '2025-03-13'),
('Alice', 'Lopez', 'alice.lopez.64@example.com', 'plus', '2025-01-03'),
('Mia', 'Dubois', 'mia.dubois.65@example.com', 'free', '2024-12-08'),
('David', 'Johnson', 'david.johnson.66@example.com', 'plus', '2024-09-20'),
('Charlie', 'Moreau', 'charlie.moreau.67@example.com', 'plus', '2024-01-10'),
('Emma', 'Roux', 'emma.roux.68@example.com', 'pro', '2025-03-25'),
('Mia', 'Fournier', 'mia.fournier.69@example.com', 'free', '2025-11-10'),
('David', 'Moreau', 'david.moreau.70@example.com', 'plus', '2025-06-03'),
('Alice', 'Laurent', 'alice.laurent.71@example.com', 'pro', '2024-06-02'),
('Lucas', 'Moreau', 'lucas.moreau.72@example.com', 'plus', '2025-04-23'),
('Léa', 'Richard', 'léa.richard.73@example.com', 'free', '2024-11-08'),
('George', 'Nguyen', 'george.nguyen.74@example.com', 'plus', '2024-08-20'),
('Emma', 'Robert', 'emma.robert.75@example.com', 'pro', '2024-04-27'),
('Ethan', 'Nguyen', 'ethan.nguyen.76@example.com', 'free', '2024-04-26'),
('Mia', 'Fournier', 'mia.fournier.77@example.com', 'plus', '2024-03-11'),
('Sarah', 'Dubois', 'sarah.dubois.78@example.com', 'free', '2025-10-17'),
('Mia', 'Moreau', 'mia.moreau.79@example.com', 'pro', '2024-07-05'),
('Ethan', 'Petit', 'ethan.petit.80@example.com', 'pro', '2024-02-25'),
('Liam', 'Brown', 'liam.brown.81@example.com', 'free', '2025-11-02'),
('Alice', 'Simon', 'alice.simon.82@example.com', 'free', '2024-12-06'),
('Liam', 'Martin', 'liam.martin.83@example.com', 'plus', '2025-10-30'),
('Jack', 'Nguyen', 'jack.nguyen.84@example.com', 'pro', '2025-04-06'),
('Léa', 'Moreau', 'léa.moreau.85@example.com', 'free', '2024-03-28'),
('Olivia', 'Fournier', 'olivia.fournier.86@example.com', 'pro', '2025-10-15'),
('Lucas', 'Lopez', 'lucas.lopez.87@example.com', 'free', '2024-12-14'),
('Noah', 'Richard', 'noah.richard.88@example.com', 'pro', '2024-09-21'),
('Sarah', 'Simon', 'sarah.simon.89@example.com', 'pro', '2024-10-23'),
('Léa', 'Petit', 'léa.petit.90@example.com', 'plus', '2025-11-09'),
('Sophia', 'Fournier', 'sophia.fournier.91@example.com', 'pro', '2024-06-10'),
('David', 'Robert', 'david.robert.92@example.com', 'free', '2025-12-05'),
('Chloé', 'Moreau', 'chloé.moreau.93@example.com', 'pro', '2025-03-21'),
('Ethan', 'Dubois', 'ethan.dubois.94@example.com', 'pro', '2024-01-03'),
('Alice', 'Simon', 'alice.simon.95@example.com', 'plus', '2024-05-19'),
('Noah', 'Lefevre', 'noah.lefevre.96@example.com', 'pro', '2024-05-02'),
('Sarah', 'Bernard', 'sarah.bernard.97@example.com', 'plus', '2025-09-25'),
('Jack', 'Richard', 'jack.richard.98@example.com', 'free', '2025-11-12'),
('Emma', 'Nguyen', 'emma.nguyen.99@example.com', 'plus', '2025-05-06'),
('Alice', 'Durand', 'alice.durand.100@example.com', 'plus', '2025-09-06'),
('Lucas', 'Bernard', 'lucas.bernard.101@example.com', 'plus', '2024-07-14'),
('Olivia', 'Petit', 'olivia.petit.102@example.com', 'plus', '2025-06-18'),
('Jack', 'Smith', 'jack.smith.103@example.com', 'pro', '2024-09-02'),
('Charlie', 'Nguyen', 'charlie.nguyen.104@example.com', 'free', '2024-11-06'),
('Sophia', 'Durand', 'sophia.durand.105@example.com', 'free', '2026-01-15'),
('Mia', 'Roux', 'mia.roux.106@example.com', 'plus', '2024-01-04'),
('Hannah', 'Richard', 'hannah.richard.107@example.com', 'plus', '2024-09-17'),
('Emma', 'Robert', 'emma.robert.108@example.com', 'pro', '2024-12-14'),
('Noah', 'Brown', 'noah.brown.109@example.com', 'free', '2025-11-03'),
('Alice', 'Petit', 'alice.petit.110@example.com', 'free', '2024-09-29'),
('George', 'Garcia', 'george.garcia.111@example.com', 'pro', '2025-07-11'),
('David', 'Simon', 'david.simon.112@example.com', 'pro', '2024-09-20'),
('Jack', 'Durand', 'jack.durand.113@example.com', 'free', '2024-07-04'),
('Chloé', 'Dubois', 'chloé.dubois.114@example.com', 'plus', '2025-01-20'),
('Sarah', 'Richard', 'sarah.richard.115@example.com', 'free', '2025-02-13'),
('Hannah', 'Fournier', 'hannah.fournier.116@example.com', 'pro', '2024-01-31'),
('Ethan', 'Bernard', 'ethan.bernard.117@example.com', 'pro', '2024-12-19'),
('Lucas', 'Johnson', 'lucas.johnson.118@example.com', 'plus', '2025-12-08'),
('Bob', 'Dubois', 'bob.dubois.119@example.com', 'free', '2024-08-21'),
('Liam', 'Durand', 'liam.durand.120@example.com', 'plus', '2024-03-04'),
('David', 'Lefevre', 'david.lefevre.121@example.com', 'pro', '2024-02-23'),
('Isabella', 'Dubois', 'isabella.dubois.122@example.com', 'plus', '2025-04-20'),
('George', 'Petit', 'george.petit.123@example.com', 'plus', '2024-01-01'),
('Isabella', 'Martin', 'isabella.martin.124@example.com', 'pro', '2025-01-14'),
('Charlie', 'Brown', 'charlie.brown.125@example.com', 'pro', '2024-07-12'),
('Fiona', 'Smith', 'fiona.smith.126@example.com', 'pro', '2025-01-30'),
('Isabella', 'Smith', 'isabella.smith.127@example.com', 'plus', '2025-05-24'),
('Olivia', 'Johnson', 'olivia.johnson.128@example.com', 'pro', '2025-08-15'),
('Jack', 'Smith', 'jack.smith.129@example.com', 'plus', '2025-06-29'),
('Lucas', 'Simon', 'lucas.simon.130@example.com', 'pro', '2024-12-14'),
('Isabella', 'Simon', 'isabella.simon.131@example.com', 'pro', '2025-02-27'),
('Olivia', 'Brown', 'olivia.brown.132@example.com', 'pro', '2025-12-16'),
('Emma', 'Richard', 'emma.richard.133@example.com', 'plus', '2025-07-30'),
('Chloé', 'Dubois', 'chloé.dubois.134@example.com', 'pro', '2024-01-15'),
('Jack', 'Lopez', 'jack.lopez.135@example.com', 'plus', '2024-08-08'),
('Fiona', 'Richard', 'fiona.richard.136@example.com', 'free', '2025-03-23'),
('Emma', 'Dubois', 'emma.dubois.137@example.com', 'plus', '2024-12-28'),
('George', 'Moreau', 'george.moreau.138@example.com', 'plus', '2024-01-17'),
('Sophia', 'Petit', 'sophia.petit.139@example.com', 'free', '2026-01-08'),
('Ethan', 'Fournier', 'ethan.fournier.140@example.com', 'free', '2025-08-12'),
('Sarah', 'Lopez', 'sarah.lopez.141@example.com', 'free', '2025-07-13'),
('Lucas', 'Martin', 'lucas.martin.142@example.com', 'pro', '2025-05-31'),
('Ethan', 'Bernard', 'ethan.bernard.143@example.com', 'plus', '2025-10-04'),
('Hannah', 'Robert', 'hannah.robert.144@example.com', 'pro', '2025-03-18'),
('Liam', 'Roux', 'liam.roux.145@example.com', 'plus', '2025-04-07'),
('Chloé', 'Bernard', 'chloé.bernard.146@example.com', 'pro', '2024-07-23'),
('Emma', 'Michel', 'emma.michel.147@example.com', 'free', '2024-01-23'),
('Olivia', 'Roux', 'olivia.roux.148@example.com', 'plus', '2024-06-17'),
('Charlie', 'Durand', 'charlie.durand.149@example.com', 'pro', '2025-03-26'),
('Olivia', 'Moreau', 'olivia.moreau.150@example.com', 'plus', '2025-08-20'),
('Léa', 'Laurent', 'léa.laurent.151@example.com', 'free', '2024-07-13'),
('Noah', 'Dubois', 'noah.dubois.152@example.com', 'pro', '2025-03-15'),
('Bob', 'Fournier', 'bob.fournier.153@example.com', 'free', '2025-10-14'),
('Bob', 'Garcia', 'bob.garcia.154@example.com', 'pro', '2025-04-16'),
('Alice', 'Johnson', 'alice.johnson.155@example.com', 'plus', '2025-06-26'),
('Jack', 'Nguyen', 'jack.nguyen.156@example.com', 'pro', '2024-08-12'),
('George', 'Petit', 'george.petit.157@example.com', 'free', '2025-06-02'),
('Noah', 'Bernard', 'noah.bernard.158@example.com', 'plus', '2024-02-27'),
('Sarah', 'Martin', 'sarah.martin.159@example.com', 'plus', '2025-08-16'),
('Liam', 'Johnson', 'liam.johnson.160@example.com', 'plus', '2025-08-14'),
('Lucas', 'Moreau', 'lucas.moreau.161@example.com', 'free', '2025-05-08'),
('Sarah', 'Laurent', 'sarah.laurent.162@example.com', 'plus', '2024-09-13'),
('Chloé', 'Durand', 'chloé.durand.163@example.com', 'free', '2025-01-09'),
('Ethan', 'Richard', 'ethan.richard.164@example.com', 'free', '2025-10-15'),
('George', 'Laurent', 'george.laurent.165@example.com', 'pro', '2025-02-18'),
('George', 'Laurent', 'george.laurent.166@example.com', 'plus', '2024-01-17'),
('Fiona', 'Smith', 'fiona.smith.167@example.com', 'pro', '2024-10-29'),
('Léa', 'Johnson', 'léa.johnson.168@example.com', 'plus', '2024-10-12'),
('Hannah', 'Lopez', 'hannah.lopez.169@example.com', 'free', '2024-04-01'),
('Noah', 'Lopez', 'noah.lopez.170@example.com', 'plus', '2024-01-18'),
('Ethan', 'Richard', 'ethan.richard.171@example.com', 'pro', '2025-05-07'),
('Jack', 'Dubois', 'jack.dubois.172@example.com', 'pro', '2024-12-04'),
('Chloé', 'Moreau', 'chloé.moreau.173@example.com', 'plus', '2024-01-27'),
('Charlie', 'Moreau', 'charlie.moreau.174@example.com', 'free', '2024-02-04'),
('Charlie', 'Dubois', 'charlie.dubois.175@example.com', 'pro', '2025-08-19'),
('Isabella', 'Lefevre', 'isabella.lefevre.176@example.com', 'plus', '2026-01-02'),
('David', 'Simon', 'david.simon.177@example.com', 'plus', '2024-09-18'),
('Noah', 'Michel', 'noah.michel.178@example.com', 'pro', '2025-10-17'),
('Sophia', 'Richard', 'sophia.richard.179@example.com', 'plus', '2024-06-07'),
('Noah', 'Martin', 'noah.martin.180@example.com', 'free', '2024-10-24'),
('Liam', 'Robert', 'liam.robert.181@example.com', 'plus', '2024-09-25'),
('Sarah', 'Dubois', 'sarah.dubois.182@example.com', 'plus', '2025-08-16'),
('Mia', 'Smith', 'mia.smith.183@example.com', 'plus', '2024-10-10'),
('Mia', 'Robert', 'mia.robert.184@example.com', 'pro', '2024-08-20'),
('Sarah', 'Fournier', 'sarah.fournier.185@example.com', 'pro', '2024-03-03'),
('Sophia', 'Fournier', 'sophia.fournier.186@example.com', 'pro', '2024-08-25'),
('Jack', 'Lopez', 'jack.lopez.187@example.com', 'pro', '2024-07-02'),
('Mia', 'Laurent', 'mia.laurent.188@example.com', 'plus', '2025-10-27'),
('Fiona', 'Roux', 'fiona.roux.189@example.com', 'pro', '2025-07-25'),
('Lucas', 'Lopez', 'lucas.lopez.190@example.com', 'free', '2025-03-21'),
('Olivia', 'Moreau', 'olivia.moreau.191@example.com', 'pro', '2025-01-28'),
('Olivia', 'Bernard', 'olivia.bernard.192@example.com', 'free', '2024-05-09'),
('Mia', 'Bernard', 'mia.bernard.193@example.com', 'free', '2025-02-25'),
('Mia', 'Johnson', 'mia.johnson.194@example.com', 'pro', '2024-04-11'),
('Emma', 'Simon', 'emma.simon.195@example.com', 'plus', '2025-11-16'),
('Isabella', 'Fournier', 'isabella.fournier.196@example.com', 'plus', '2025-03-08'),
('Jack', 'Nguyen', 'jack.nguyen.197@example.com', 'free', '2025-10-15'),
('Charlie', 'Moreau', 'charlie.moreau.198@example.com', 'plus', '2024-07-14'),
('David', 'Smith', 'david.smith.199@example.com', 'plus', '2025-07-11'),
('David', 'Michel', 'david.michel.200@example.com', 'plus', '2024-09-27');



-- ============================================
-- PRODUCTS
-- ============================================
INSERT INTO products (name, price, category) VALUES
('Wireless Mouse', 24.99, 'electronics'),
('Mechanical Keyboard', 79.99, 'electronics'),
('27-inch Monitor', 189.99, 'electronics'),
('USB-C Hub', 39.99, 'accessories'),
('Noise Cancelling Headphones', 129.99, 'electronics'),
('Desk Lamp', 19.99, 'home office'),
('Office Chair', 149.99, 'furniture'),
('Standing Desk', 299.99, 'furniture'),
('Water Bottle', 12.99, 'lifestyle'),
('Bluetooth Speaker', 49.99, 'electronics'),
('Webcam HD', 59.99, 'electronics'),
('Laptop Sleeve', 18.99, 'accessories'),
('Portable SSD 1TB', 119.99, 'electronics'),
('Smart Notebook', 28.99, 'lifestyle'),
('Ergonomic Mousepad', 9.99, 'accessories');



-- ============================================
-- ORDERS
-- ============================================
INSERT INTO orders (customer_id, order_date, status) VALUES
(161, '2026-01-01', 'completed'),
(85, '2025-06-15', 'completed'),
(60, '2025-04-17', 'completed'),
(102, '2025-08-15', 'completed'),
(99, '2025-08-09', 'completed'),
(46, '2025-12-12', 'completed'),
(70, '2025-06-09', 'canceled'),
(182, '2025-11-10', 'completed'),
(120, '2025-02-22', 'canceled'),
(119, '2025-11-19', 'canceled'),
(2, '2025-03-12', 'completed'),
(142, '2026-01-13', 'completed'),
(121, '2025-06-14', 'returned'),
(51, '2025-11-02', 'completed'),
(20, '2025-06-30', 'completed'),
(95, '2025-08-22', 'canceled'),
(105, '2026-01-15', 'returned'),
(130, '2025-05-22', 'completed'),
(118, '2026-01-02', 'canceled'),
(172, '2025-09-13', 'completed'),
(101, '2025-06-22', 'canceled'),
(2, '2025-09-18', 'completed'),
(131, '2026-01-14', 'canceled'),
(79, '2025-01-24', 'completed'),
(124, '2025-02-20', 'completed'),
(32, '2025-08-30', 'returned'),
(50, '2024-07-27', 'completed'),
(109, '2026-01-05', 'returned'),
(131, '2025-09-11', 'canceled'),
(140, '2025-10-08', 'canceled'),
(154, '2025-05-20', 'completed'),
(103, '2024-12-12', 'returned'),
(65, '2025-11-24', 'canceled'),
(182, '2025-11-02', 'returned'),
(89, '2025-05-18', 'completed'),
(69, '2026-01-20', 'completed'),
(1, '2026-01-24', 'completed'),
(75, '2025-08-13', 'canceled'),
(149, '2025-07-12', 'returned'),
(70, '2026-01-05', 'completed'),
(41, '2025-06-27', 'completed'),
(170, '2024-06-09', 'completed'),
(187, '2025-07-04', 'completed'),
(17, '2025-09-22', 'returned'),
(163, '2025-01-26', 'completed'),
(94, '2024-09-18', 'returned'),
(48, '2025-03-16', 'completed'),
(171, '2025-08-12', 'completed'),
(193, '2025-10-12', 'completed'),
(74, '2024-09-22', 'completed'),
(19, '2024-12-14', 'canceled'),
(83, '2025-12-09', 'completed'),
(95, '2025-02-04', 'returned'),
(155, '2025-12-03', 'returned'),
(133, '2026-01-21', 'returned'),
(4, '2025-04-03', 'completed'),
(141, '2025-10-22', 'canceled'),
(94, '2024-07-28', 'completed'),
(118, '2025-12-22', 'canceled'),
(124, '2025-01-21', 'completed'),
(17, '2026-01-19', 'completed'),
(26, '2025-03-22', 'completed'),
(63, '2025-11-07', 'completed'),
(84, '2025-11-26', 'completed'),
(199, '2025-10-29', 'returned'),
(4, '2025-09-28', 'canceled'),
(27, '2025-12-16', 'completed'),
(96, '2024-12-10', 'completed'),
(184, '2025-11-25', 'completed'),
(57, '2024-05-30', 'canceled'),
(46, '2025-11-24', 'completed'),
(25, '2025-01-14', 'completed'),
(139, '2026-01-17', 'returned'),
(39, '2025-12-19', 'completed'),
(97, '2025-12-16', 'completed'),
(33, '2024-10-14', 'returned'),
(50, '2025-06-06', 'returned'),
(18, '2025-12-27', 'returned'),
(196, '2025-05-12', 'completed'),
(79, '2025-09-23', 'canceled'),
(58, '2025-09-02', 'completed'),
(150, '2025-11-05', 'canceled'),
(186, '2025-06-22', 'returned'),
(103, '2024-12-11', 'canceled'),
(102, '2025-06-18', 'completed'),
(195, '2025-11-28', 'completed'),
(54, '2026-01-19', 'returned'),
(156, '2025-06-19', 'completed'),
(13, '2025-12-24', 'canceled'),
(41, '2026-01-06', 'completed'),
(175, '2025-10-13', 'completed'),
(87, '2025-12-07', 'completed'),
(84, '2025-10-08', 'returned'),
(84, '2025-07-18', 'canceled'),
(27, '2025-07-03', 'completed'),
(136, '2025-03-28', 'completed'),
(177, '2024-12-31', 'completed'),
(76, '2025-08-18', 'completed'),
(114, '2025-07-30', 'completed'),
(166, '2025-03-09', 'completed'),
(25, '2025-12-27', 'completed'),
(159, '2025-11-21', 'canceled'),
(164, '2026-01-14', 'completed'),
(150, '2025-09-07', 'completed'),
(56, '2024-09-04', 'completed'),
(126, '2025-02-04', 'completed'),
(185, '2025-09-12', 'canceled'),
(143, '2025-12-21', 'completed'),
(189, '2025-10-30', 'returned'),
(40, '2025-03-05', 'canceled'),
(69, '2025-11-17', 'completed'),
(139, '2026-01-24', 'canceled'),
(20, '2025-03-18', 'completed'),
(78, '2025-10-18', 'returned'),
(171, '2026-01-20', 'completed'),
(7, '2025-08-12', 'completed'),
(161, '2025-05-10', 'canceled'),
(141, '2025-10-15', 'completed'),
(81, '2025-12-30', 'canceled'),
(155, '2026-01-11', 'completed'),
(126, '2025-10-13', 'canceled'),
(156, '2025-04-27', 'completed'),
(66, '2025-05-30', 'completed'),
(152, '2025-09-06', 'canceled'),
(14, '2025-11-06', 'completed'),
(35, '2025-10-04', 'returned'),
(144, '2025-11-14', 'returned'),
(135, '2024-09-27', 'completed'),
(17, '2026-01-04', 'completed'),
(9, '2024-06-13', 'returned'),
(37, '2025-01-27', 'returned'),
(72, '2026-01-19', 'canceled'),
(172, '2025-05-11', 'canceled'),
(140, '2025-09-13', 'returned'),
(135, '2025-01-09', 'canceled'),
(166, '2024-06-15', 'completed'),
(132, '2026-01-11', 'completed'),
(27, '2024-04-16', 'returned'),
(178, '2026-01-21', 'completed'),
(28, '2025-07-31', 'returned'),
(145, '2026-01-14', 'completed'),
(28, '2025-08-28', 'returned'),
(103, '2024-12-31', 'completed'),
(166, '2024-11-09', 'completed'),
(127, '2025-09-08', 'completed'),
(64, '2025-06-18', 'completed'),
(157, '2026-01-17', 'completed'),
(19, '2025-11-14', 'returned'),
(72, '2025-10-26', 'returned'),
(140, '2025-09-23', 'canceled'),
(2, '2025-03-27', 'completed'),
(67, '2025-11-05', 'completed'),
(44, '2024-12-29', 'completed'),
(43, '2026-01-09', 'completed'),
(108, '2025-04-16', 'completed'),
(89, '2025-05-12', 'completed'),
(95, '2025-03-04', 'completed'),
(51, '2025-06-15', 'completed'),
(137, '2025-11-16', 'completed'),
(198, '2025-01-08', 'completed'),
(19, '2024-10-10', 'completed'),
(7, '2024-07-12', 'canceled'),
(171, '2025-09-02', 'completed'),
(169, '2025-11-25', 'completed'),
(181, '2024-09-30', 'completed'),
(114, '2025-05-15', 'completed'),
(130, '2026-01-21', 'completed'),
(97, '2026-01-09', 'returned'),
(4, '2024-12-27', 'completed'),
(29, '2025-04-15', 'returned'),
(22, '2025-05-14', 'canceled'),
(115, '2025-07-05', 'returned'),
(142, '2025-06-10', 'completed'),
(20, '2025-10-13', 'completed'),
(191, '2025-09-25', 'completed'),
(14, '2026-01-08', 'canceled'),
(179, '2025-04-13', 'completed'),
(129, '2025-08-27', 'completed'),
(9, '2026-01-12', 'returned'),
(52, '2025-09-20', 'completed'),
(136, '2025-06-22', 'completed'),
(27, '2024-02-24', 'completed'),
(157, '2025-12-23', 'completed'),
(155, '2025-07-07', 'canceled'),
(145, '2025-06-04', 'completed'),
(61, '2025-09-28', 'completed'),
(172, '2025-07-16', 'completed'),
(98, '2026-01-18', 'returned'),
(17, '2025-12-14', 'completed'),
(23, '2026-01-10', 'completed'),
(143, '2025-12-31', 'completed'),
(179, '2025-02-20', 'returned'),
(70, '2025-08-29', 'canceled'),
(198, '2025-10-22', 'completed'),
(182, '2025-08-25', 'completed'),
(135, '2024-09-06', 'canceled'),
(46, '2026-01-19', 'completed'),
(143, '2025-12-02', 'canceled'),
(154, '2025-10-05', 'completed'),
(95, '2025-08-05', 'completed'),
(152, '2025-10-12', 'canceled'),
(178, '2026-01-11', 'completed'),
(157, '2026-01-03', 'completed'),
(125, '2024-07-20', 'canceled'),
(93, '2025-08-25', 'canceled'),
(141, '2026-01-19', 'completed'),
(82, '2025-09-20', 'canceled'),
(27, '2024-10-30', 'completed'),
(176, '2026-01-12', 'completed'),
(82, '2025-09-28', 'completed'),
(116, '2024-11-24', 'completed'),
(11, '2025-05-13', 'returned'),
(11, '2025-05-08', 'completed'),
(109, '2025-11-27', 'canceled'),
(44, '2024-12-13', 'canceled'),
(142, '2025-07-02', 'canceled'),
(88, '2024-12-20', 'completed'),
(45, '2025-12-06', 'completed'),
(122, '2025-05-25', 'canceled'),
(114, '2025-06-16', 'canceled'),
(21, '2025-04-25', 'returned'),
(24, '2025-06-26', 'canceled'),
(5, '2026-01-24', 'completed'),
(44, '2025-09-20', 'completed'),
(9, '2026-01-19', 'completed'),
(170, '2024-11-20', 'completed'),
(55, '2025-02-12', 'completed'),
(182, '2025-10-08', 'returned'),
(146, '2024-07-26', 'returned'),
(155, '2025-09-19', 'completed'),
(131, '2025-08-02', 'returned'),
(103, '2024-12-13', 'completed'),
(63, '2025-11-03', 'completed'),
(104, '2024-11-26', 'completed'),
(171, '2025-10-31', 'completed'),
(73, '2025-12-27', 'completed'),
(11, '2025-04-06', 'completed'),
(159, '2026-01-13', 'canceled'),
(2, '2025-12-31', 'completed'),
(172, '2025-12-29', 'completed'),
(12, '2024-06-20', 'completed'),
(81, '2026-01-23', 'returned'),
(131, '2025-12-20', 'returned'),
(176, '2026-01-23', 'completed'),
(68, '2026-01-02', 'completed'),
(200, '2025-01-24', 'completed'),
(36, '2025-12-25', 'completed'),
(198, '2024-08-30', 'completed'),
(119, '2025-10-08', 'returned'),
(32, '2024-12-28', 'completed'),
(176, '2026-01-18', 'canceled'),
(14, '2025-11-10', 'canceled'),
(63, '2025-11-03', 'completed'),
(48, '2025-11-25', 'completed'),
(130, '2025-05-23', 'returned'),
(159, '2025-10-20', 'completed'),
(96, '2025-08-21', 'completed'),
(189, '2025-09-10', 'completed'),
(181, '2025-07-03', 'returned'),
(56, '2025-07-01', 'completed'),
(171, '2025-06-06', 'completed'),
(121, '2024-09-07', 'completed'),
(74, '2025-05-13', 'completed'),
(32, '2025-08-17', 'completed'),
(152, '2025-06-19', 'completed'),
(148, '2025-06-02', 'completed'),
(187, '2025-12-24', 'completed'),
(71, '2024-06-24', 'completed'),
(152, '2025-04-02', 'completed'),
(126, '2025-11-27', 'completed'),
(81, '2025-11-22', 'completed'),
(144, '2025-10-13', 'completed'),
(117, '2026-01-05', 'returned'),
(199, '2025-09-04', 'returned'),
(197, '2025-11-10', 'completed'),
(106, '2024-02-22', 'completed'),
(169, '2024-06-22', 'completed'),
(2, '2025-04-09', 'completed'),
(177, '2025-07-23', 'returned'),
(37, '2025-09-11', 'returned'),
(90, '2025-12-20', 'canceled'),
(180, '2025-03-06', 'completed'),
(70, '2025-10-29', 'completed'),
(157, '2026-01-12', 'completed'),
(76, '2024-04-26', 'canceled'),
(199, '2025-12-18', 'returned'),
(23, '2025-12-17', 'completed'),
(169, '2025-04-15', 'completed'),
(8, '2025-06-26', 'completed'),
(50, '2024-06-09', 'completed'),
(180, '2024-10-25', 'completed'),
(125, '2024-09-14', 'completed'),
(167, '2025-10-26', 'completed'),
(175, '2025-11-17', 'completed'),
(177, '2024-09-30', 'returned'),
(53, '2025-05-07', 'canceled'),
(64, '2025-06-22', 'completed'),
(65, '2025-02-18', 'completed'),
(163, '2025-04-01', 'completed'),
(142, '2025-07-06', 'returned'),
(180, '2024-11-26', 'completed'),
(54, '2025-03-15', 'returned'),
(198, '2024-07-29', 'completed'),
(191, '2025-05-14', 'completed'),
(16, '2025-10-14', 'completed'),
(152, '2025-10-09', 'returned'),
(142, '2025-07-05', 'completed'),
(100, '2025-11-24', 'canceled'),
(138, '2024-10-13', 'completed'),
(160, '2025-10-05', 'completed'),
(95, '2025-03-21', 'completed'),
(106, '2025-04-25', 'completed'),
(76, '2024-11-17', 'completed'),
(70, '2025-11-17', 'completed'),
(60, '2025-05-12', 'returned'),
(173, '2025-03-01', 'completed'),
(5, '2026-01-22', 'canceled'),
(157, '2025-09-28', 'returned'),
(96, '2025-03-09', 'completed'),
(42, '2025-07-07', 'completed'),
(116, '2025-01-16', 'completed'),
(125, '2025-08-12', 'completed'),
(162, '2025-03-08', 'completed'),
(32, '2025-12-21', 'canceled'),
(132, '2025-12-17', 'completed'),
(62, '2025-11-11', 'completed'),
(112, '2025-05-28', 'completed'),
(112, '2025-11-03', 'returned'),
(23, '2025-11-21', 'canceled'),
(43, '2026-01-14', 'canceled'),
(99, '2025-06-21', 'returned'),
(56, '2024-07-18', 'completed'),
(106, '2024-02-21', 'returned'),
(102, '2025-08-01', 'completed'),
(151, '2025-10-18', 'completed'),
(183, '2025-01-27', 'completed'),
(150, '2025-12-16', 'canceled'),
(74, '2025-08-29', 'canceled'),
(196, '2025-05-31', 'completed'),
(69, '2025-12-12', 'completed'),
(64, '2025-03-10', 'completed'),
(136, '2025-07-04', 'completed'),
(174, '2024-07-27', 'returned'),
(180, '2025-01-30', 'returned'),
(156, '2025-07-14', 'completed'),
(14, '2025-10-30', 'completed'),
(189, '2026-01-19', 'canceled'),
(54, '2026-01-12', 'returned'),
(26, '2025-06-09', 'completed'),
(122, '2025-06-30', 'completed'),
(122, '2025-08-06', 'returned'),
(53, '2025-03-21', 'returned'),
(91, '2025-03-08', 'canceled'),
(162, '2025-11-17', 'completed'),
(33, '2025-09-26', 'completed'),
(55, '2025-03-13', 'returned'),
(165, '2025-04-21', 'completed'),
(168, '2025-09-22', 'completed'),
(135, '2025-10-20', 'completed'),
(111, '2025-08-10', 'completed'),
(34, '2026-01-17', 'completed'),
(74, '2024-12-11', 'canceled'),
(12, '2024-06-05', 'canceled'),
(50, '2025-10-26', 'completed'),
(191, '2025-04-02', 'canceled'),
(131, '2025-04-29', 'completed'),
(167, '2025-11-09', 'completed'),
(155, '2026-01-01', 'returned'),
(159, '2025-09-20', 'completed'),
(114, '2025-05-22', 'returned'),
(179, '2025-04-10', 'completed'),
(45, '2025-10-15', 'canceled'),
(190, '2025-05-15', 'canceled'),
(198, '2025-03-21', 'returned'),
(196, '2025-05-23', 'completed'),
(161, '2025-11-08', 'completed'),
(9, '2025-11-05', 'completed'),
(101, '2025-11-20', 'returned'),
(128, '2026-01-16', 'canceled'),
(132, '2026-01-15', 'completed'),
(92, '2026-01-11', 'completed'),
(173, '2025-11-02', 'returned'),
(155, '2025-11-16', 'returned'),
(179, '2025-10-28', 'canceled'),
(125, '2025-05-17', 'completed'),
(133, '2025-09-02', 'completed'),
(39, '2025-12-29', 'completed'),
(15, '2025-03-29', 'returned'),
(13, '2025-12-25', 'completed'),
(166, '2024-02-28', 'completed'),
(189, '2026-01-23', 'completed'),
(4, '2025-07-14', 'completed'),
(13, '2026-01-07', 'completed'),
(30, '2025-12-19', 'completed'),
(150, '2026-01-17', 'canceled'),
(90, '2025-11-22', 'canceled'),
(147, '2025-12-21', 'completed'),
(151, '2025-09-28', 'completed'),
(32, '2025-06-09', 'canceled'),
(16, '2025-07-15', 'completed');



-- ============================================
-- ORDER ITEMS
-- ============================================
INSERT INTO order_items (order_id, product_id, quantity) VALUES
(1, 5, 3),(1, 2, 2),(2, 3, 2),(2, 7, 3),(3, 1, 3),(3, 5, 1),(4, 4, 3),(4, 4, 2),(5, 7, 2),(5, 10, 4),(6, 9, 4),
(6, 5, 1),(7, 15, 1),(7, 9, 3),(8, 5, 1),(8, 8, 1),(9, 4, 3),(9, 15, 1),(10, 10, 3),(10, 11, 1),(11, 7, 1),
(11, 13, 1),(12, 14, 4),(12, 11, 3),(13, 9, 2),(13, 6, 1),(14, 2, 2),(14, 1, 3),(15, 7, 3),(15, 12, 3),(16, 14, 4),
(16, 14, 2),(17, 14, 1),(17, 10, 2),(18, 9, 3),(18, 12, 4),(19, 11, 3),(19, 2, 2),(20, 14, 3),(20, 14, 3),
(21, 5, 3),(21, 9, 4),(22, 4, 1),(22, 7, 2),(23, 14, 2),(23, 15, 4),(24, 12, 4),(24, 2, 1),(25, 12, 4),(25, 4, 2),
(26, 1, 2),(26, 11, 4),(27, 4, 1),(27, 5, 2),(28, 3, 2),(28, 3, 1),(29, 9, 1),(29, 4, 4),(30, 7, 1),(30, 12, 1),
(31, 9, 3),(31, 10, 2),(32, 8, 2),(32, 4, 3),(33, 12, 3),(33, 8, 3),(34, 9, 1),(34, 2, 3),(35, 8, 4),(35, 12, 3),
(36, 9, 3),(36, 14, 2),(37, 8, 1),(37, 10, 4),(38, 8, 2),(38, 13, 2),(39, 4, 3),(39, 10, 2),(40, 3, 2),(40, 8, 4),
(41, 15, 1),(41, 9, 3),(42, 1, 2),(42, 13, 1),(43, 11, 1),(43, 1, 2),(44, 15, 3),(44, 4, 3),(45, 3, 3),(45, 15, 1),
(46, 7, 1),(46, 5, 1),(47, 2, 4),(47, 11, 1),(48, 15, 4),(48, 12, 3),(49, 5, 3),(49, 15, 3),(50, 7, 2),(50, 14, 3),
(51, 1, 2),(51, 14, 2),(52, 10, 1),(52, 2, 3),(53, 3, 1),(53, 6, 3),(54, 6, 1),(54, 6, 4),(55, 5, 2),(55, 8, 2),
(56, 14, 1),(56, 5, 3),(57, 1, 4),(57, 9, 3),(58, 9, 2),(58, 2, 3),(59, 15, 3),(59, 8, 2),(60, 8, 3),(60, 9, 3),
(61, 14, 2),(61, 15, 3),(62, 11, 3),(62, 6, 2),(63, 6, 2),(63, 7, 4),(64, 1, 1),(64, 7, 1),(65, 6, 4),(65, 13, 2),
(66, 11, 4),(66, 12, 3),(67, 14, 4),(67, 12, 3),(68, 15, 3),(68, 2, 2),(69, 11, 1),(69, 3, 4),(70, 5, 2),(70, 15, 4),
(71, 13, 2),(71, 15, 2),(72, 3, 3),(72, 3, 2),(73, 4, 4),(73, 5, 4),(74, 13, 3),(74, 9, 4),(75, 10, 2),(75, 5, 3),
(76, 12, 2),(76, 5, 4),(77, 3, 1),(77, 8, 3),(78, 9, 3),(78, 1, 3),(79, 14, 1),(79, 13, 4),(80, 3, 3),(80, 6, 1),
(81, 5, 3),(81, 7, 1),(82, 10, 4),(82, 2, 4),(83, 2, 3),(83, 11, 3),(84, 2, 2),(84, 7, 3),(85, 14, 4),(85, 14, 2),
(86, 10, 4),(86, 14, 1),(87, 6, 2),(87, 11, 4),(88, 12, 1),(88, 1, 1),(89, 8, 2),(89, 10, 1),(90, 1, 3),(90, 12, 3),
(91, 13, 4),(91, 13, 4),(92, 3, 2),(92, 7, 2),(93, 7, 4),(93, 5, 3),(94, 14, 2),(94, 3, 1),(95, 3, 4),(95, 14, 3),
(96, 12, 4),(96, 6, 2),(97, 4, 2),(97, 12, 3),(98, 4, 1),(98, 14, 1),(99, 10, 1),(99, 7, 1),(100, 13, 4),(100, 12, 4),
(101, 4, 4),(101, 8, 4),(102, 4, 1),(102, 12, 1),(103, 4, 2),(103, 9, 2),(104, 4, 3),(104, 3, 3),(105, 11, 2),(105, 1, 4),
(106, 7, 4),(106, 5, 1),(107, 11, 1),(107, 1, 3),(108, 2, 4),(108, 3, 2),(109, 1, 3),(109, 9, 3),(110, 13, 4),(110, 3, 2),
(111, 6, 4),(111, 10, 1),(112, 11, 1),(112, 3, 1),(113, 9, 2),(113, 6, 1),(114, 3, 3),(114, 14, 1),(115, 13, 3),
(115, 3, 3),(116, 3, 2),(116, 1, 4),(117, 12, 1),(117, 2, 2),(118, 11, 1),(118, 3, 2),(119, 5, 1),(119, 15, 2),
(120, 15, 4),(120, 3, 2),(121, 11, 2),(121, 5, 2),(122, 3, 3),(122, 10, 3),(123, 3, 3),(123, 15, 1),(124, 5, 1),
(124, 15, 2),(125, 10, 3),(125, 10, 4),(126, 13, 4),(126, 8, 2),(127, 3, 2),(127, 15, 4),(128, 9, 2),(128, 4, 4),
(129, 14, 4),(129, 13, 1),(130, 14, 1),(130, 11, 3),(131, 12, 3),(131, 2, 4),(132, 7, 4),(132, 1, 4),(133, 2, 3),
(133, 4, 2),(134, 15, 1),(134, 7, 1),(135, 8, 3),(135, 14, 3),(136, 15, 1),(136, 7, 1),(137, 9, 4),(137, 11, 1),(138, 1, 1),
(138, 13, 1),(139, 8, 3),(139, 11, 4),(140, 6, 4),(140, 11, 2),(141, 12, 3),(141, 6, 1),(142, 15, 1),(142, 15, 3),
(143, 12, 2),(143, 8, 1),(144, 7, 1),(144, 14, 3),(145, 15, 1),(145, 2, 4),(146, 1, 1),(146, 13, 4),(147, 5, 3),(147, 10, 3),
(148, 1, 2),(148, 9, 4),(149, 1, 3),(149, 14, 4),(150, 12, 3),(150, 2, 4),(151, 2, 4),(151, 7, 4),(152, 1, 2),(152, 4, 3),
(153, 8, 1),(153, 5, 2),(154, 5, 3),(154, 5, 2),(155, 12, 1),(155, 8, 3),(156, 2, 2),(156, 7, 4),(157, 4, 2),(157, 3, 1),
(158, 5, 4),(158, 12, 3),(159, 10, 3),(159, 6, 4),(160, 6, 4),(160, 4, 4),(161, 3, 1),(161, 12, 2),(162, 4, 1),(162, 1, 3),
(163, 3, 3),(163, 11, 2),(164, 4, 2),(164, 5, 4),(165, 2, 3),(165, 3, 4),(166, 1, 3),(166, 13, 3),(167, 15, 3),
(167, 13, 4),(168, 4, 3),(168, 13, 3),(169, 14, 2),(169, 1, 1),(170, 15, 2),(170, 1, 2),(171, 9, 2),(171, 12, 2),
(172, 10, 4),(172, 15, 4),(173, 13, 1),(173, 12, 2),(174, 5, 1),(174, 10, 3),(175, 1, 2),(175, 3, 3),(176, 9, 3),
(176, 4, 2),(177, 1, 2),(177, 13, 3),(178, 5, 1),(178, 15, 2),(179, 1, 4),(179, 11, 3),(180, 2, 1),(180, 8, 4),(181, 14, 3),
(181, 9, 2),(182, 10, 4),(182, 12, 3),(183, 3, 2),(183, 12, 3),(184, 6, 3),(184, 3, 4),(185, 6, 3),(185, 12, 1),(186, 6, 1),
(186, 13, 1),(187, 1, 1),(187, 10, 1),(188, 12, 2),(188, 14, 4),(189, 4, 2),(189, 8, 3),(190, 13, 3),(190, 9, 4),
(191, 1, 1),(191, 15, 1),(192, 1, 1),(192, 12, 3),(193, 2, 2),(193, 11, 4),(194, 3, 1),(194, 11, 4),(195, 11, 4),
(195, 13, 1),(196, 3, 1),(196, 15, 1),(197, 13, 2),(197, 10, 1),(198, 13, 4),(198, 9, 1),(199, 9, 2),(199, 1, 2),
(200, 13, 1),(200, 11, 2),(201, 13, 2),(201, 6, 2),(202, 4, 1),(202, 11, 1),(203, 8, 3),(203, 11, 1),(204, 10, 3),
(204, 6, 2),(205, 2, 3),(205, 9, 1),(206, 9, 4),(206, 7, 4),(207, 10, 4),(207, 5, 4),(208, 1, 3),(208, 2, 4),(209, 2, 3),
(209, 3, 1),(210, 6, 1),(210, 13, 1),(211, 11, 1),(211, 8, 4),(212, 15, 2),(212, 10, 1),(213, 15, 3),(213, 8, 1),
(214, 3, 3),(214, 6, 2),(215, 3, 4),(215, 8, 4),(216, 10, 4),(216, 10, 3),(217, 5, 4),(217, 2, 1),(218, 6, 2),(218, 12, 3),
(219, 15, 4),(219, 5, 4),(220, 4, 4),(220, 6, 2),(221, 7, 1),(221, 13, 2),(222, 8, 1),(222, 11, 2),(223, 4, 4),(223, 4, 1),
(224, 5, 4),(224, 6, 3),(225, 13, 3),(225, 15, 2),(226, 13, 4),(226, 5, 4),(227, 11, 3),(227, 3, 2),(228, 11, 4),(228, 12, 4),
(229, 13, 4),(229, 7, 4),(230, 1, 3),(230, 10, 1),(231, 12, 2),(231, 12, 2),(232, 11, 4),(232, 14, 1),(233, 6, 3),(233, 9, 2),
(234, 6, 3),(234, 4, 1),(235, 9, 2),(235, 2, 2),(236, 11, 2),(236, 3, 1),(237, 8, 4),(237, 8, 4),(238, 10, 4),(238, 9, 1),
(239, 7, 2),(239, 5, 2),(240, 7, 3),(240, 10, 2),(241, 10, 1),(241, 9, 1),(242, 5, 3),(242, 2, 3),(243, 9, 1),(243, 6, 1),
(244, 3, 2),(244, 1, 2),(245, 15, 4),(245, 6, 1),(246, 14, 3),(246, 10, 4),(247, 14, 4),(247, 1, 3),(248, 12, 4),(248, 8, 2),
(249, 2, 1),(249, 8, 2),(250, 7, 3),(250, 14, 4),(251, 12, 3),(251, 8, 1),(252, 13, 1),(252, 3, 3),(253, 1, 4),(253, 15, 2),
(254, 10, 3),(254, 3, 4),(255, 9, 3),(255, 9, 1),(256, 7, 1),(256, 1, 1),(257, 15, 2),(257, 6, 1),(258, 8, 4),(258, 8, 1),
(259, 8, 4),(259, 6, 1),(260, 9, 3),(260, 3, 3),(261, 12, 2),(261, 9, 3),(262, 9, 4),(262, 3, 1),(263, 3, 2),(263, 13, 4),
(264, 10, 1),(264, 10, 1),(265, 9, 3),(265, 9, 2),(266, 3, 3),(266, 5, 3),(267, 7, 2),(267, 3, 1),(268, 7, 1),(268, 13, 3),
(269, 2, 4),(269, 10, 3),(270, 6, 3),(270, 7, 4),(271, 11, 4),(271, 10, 2),(272, 10, 2),(272, 4, 4),(273, 6, 4),(273, 5, 4),
(274, 6, 2),(274, 2, 2),(275, 2, 2),(275, 14, 4),(276, 11, 3),(276, 7, 4),(277, 3, 1),(277, 12, 4),(278, 7, 4),(278, 1, 1),
(279, 5, 3),(279, 14, 4),(280, 13, 1),(280, 13, 4),(281, 6, 3),(281, 14, 3),(282, 12, 2),(282, 15, 3),(283, 13, 4),(283, 5, 4),
(284, 2, 3),(284, 14, 1),(285, 10, 2),(285, 15, 4),(286, 5, 3),(286, 15, 1),(287, 5, 2),(287, 13, 3),(288, 11, 3),(288, 4, 2),
(289, 4, 2),(289, 2, 1),(290, 10, 4),(290, 2, 3),(291, 10, 4),(291, 2, 1),(292, 3, 3),(292, 3, 1),(293, 2, 2),(293, 5, 2),
(294, 2, 4),(294, 15, 3),(295, 14, 3),(295, 13, 1),(296, 9, 1),(296, 14, 3),(297, 9, 1),(297, 6, 2),(298, 12, 1),(298, 8, 1),
(299, 9, 1),(299, 13, 4),(300, 1, 2),(300, 12, 4),(301, 10, 1),(301, 3, 2),(302, 5, 3),(302, 1, 1),(303, 11, 4),(303, 15, 4),
(304, 12, 3),(304, 6, 1),(305, 12, 4),(305, 11, 4),(306, 9, 4),(306, 15, 2),(307, 3, 4),(307, 4, 3),(308, 3, 2),(308, 5, 2),
(309, 9, 3),(309, 15, 1),(310, 12, 4),(310, 14, 3),(311, 7, 2),(311, 8, 3),(312, 4, 1),(312, 6, 3),(313, 14, 4),(313, 4, 1),
(314, 10, 4),(314, 15, 2),(315, 4, 3),(315, 3, 3),(316, 2, 2),(316, 6, 2),(317, 6, 4),(317, 7, 1),(318, 8, 3),(318, 10, 2),
(319, 3, 3),(319, 5, 3),(320, 9, 3),(320, 15, 1),(321, 5, 4),(321, 13, 3),(322, 13, 4),(322, 6, 2),(323, 3, 4),(323, 2, 4),
(324, 2, 1),(324, 9, 3),(325, 6, 2),(325, 11, 4),(326, 3, 1),(326, 12, 3),(327, 6, 2),(327, 3, 4),(328, 4, 1),(328, 11, 1),
(329, 2, 3),(329, 9, 4),(330, 12, 1),(330, 14, 1),(331, 13, 3),(331, 6, 2),(332, 9, 3),(332, 1, 4),(333, 12, 2),(333, 12, 4),
(334, 10, 4),(334, 12, 1),(335, 12, 4),(335, 12, 3),(336, 6, 1),(336, 1, 4),(337, 2, 3),(337, 15, 3),(338, 14, 1),(338, 6, 4),
(339, 14, 4),(339, 7, 1),(340, 9, 2),(340, 3, 1),(341, 8, 4),(341, 1, 3),(342, 6, 4),(342, 11, 3),(343, 6, 1),(343, 4, 1),
(344, 10, 2),(344, 11, 2),(345, 2, 1),(345, 8, 2),(346, 6, 2),(346, 10, 2),(347, 7, 4),(347, 11, 1),(348, 11, 3),(348, 10, 4),
(349, 4, 1),(349, 3, 4),(350, 9, 3),(350, 14, 4),(351, 15, 4),(351, 12, 1),(352, 12, 3),(352, 1, 1),(353, 1, 3),(353, 8, 3),
(354, 7, 2),(354, 8, 4),(355, 8, 3),(355, 14, 1),(356, 3, 1),(356, 2, 3),(357, 6, 3),(357, 7, 4),(358, 2, 1),(358, 13, 3),
(359, 4, 3),(359, 14, 2),(360, 13, 2),(360, 1, 1),(361, 9, 4),(361, 13, 2),(362, 6, 2),(362, 14, 1),(363, 7, 4),(363, 2, 2),
(364, 14, 2),(364, 1, 1),(365, 13, 4),(365, 14, 2),(366, 14, 3),(366, 7, 2),(367, 14, 2),(367, 13, 4),(368, 8, 1),(368, 10, 1),
(369, 9, 1),(369, 11, 1),(370, 11, 4),(370, 10, 3),(371, 15, 3),(371, 4, 2),(372, 5, 1),(372, 3, 2),(373, 3, 1),(373, 13, 1),
(374, 11, 2),(374, 2, 4),(375, 13, 4),(375, 15, 4),(376, 4, 1),(376, 7, 3),(377, 12, 3),(377, 14, 3),(378, 4, 2),(378, 14, 2),
(379, 11, 4),(379, 7, 4),(380, 11, 2),(380, 6, 3),(381, 13, 2),(381, 6, 2),(382, 14, 3),(382, 10, 1),(383, 6, 4),(383, 4, 4),
(384, 3, 4),(384, 8, 4),(385, 14, 3),(385, 13, 3),(386, 9, 4),(386, 2, 4),(387, 13, 4),(387, 12, 1),(388, 5, 4),(388, 1, 1),
(389, 1, 3),(389, 15, 3),(390, 5, 2),(390, 3, 2),(391, 9, 4),(391, 6, 1),(392, 7, 2),(392, 11, 4),(393, 2, 1),(393, 14, 4),
(394, 1, 1),(394, 7, 2),(395, 4, 4),(395, 14, 3),(396, 15, 3),(396, 1, 3),(397, 5, 2),(397, 2, 1),(398, 12, 4),(398, 4, 3),
(399, 11, 1),(399, 14, 3),(400, 13, 1),(400, 6, 1);

-- ============================================
-- PAYMENTS
-- ============================================
INSERT INTO payments (order_id, amount, payment_method, payment_date) VALUES
(1, 233.94, 'credit_card', '2026-01-04'),
(2, 313.53, 'credit_card', '2025-06-18'),
(3, 164.19, 'paypal', '2025-04-19'),
(4, 269.52, 'bank_transfer', '2025-08-17'),
(5, 280.90, 'paypal', '2025-08-11'),
(6, 296.32, 'bank_transfer', '2025-12-15'),
(8, 323.26, 'credit_card', '2025-11-11'),
(11, 144.23, 'credit_card', '2025-03-13'),
(12, 326.15, 'bank_transfer', '2026-01-14'),
(13, 321.20, 'paypal', '2025-06-15'),
(13, -321.20, 'refund', '2025-06-23'),
(14, 305.72, 'paypal', '2025-11-03'),
(15, 46.34, 'paypal', '2025-07-01'),
(17, 224.05, 'credit_card', '2026-01-17'),
(17, -224.05, 'refund', '2026-01-24'),
(18, 251.67, 'credit_card', '2025-05-24'),
(20, 299.58, 'bank_transfer', '2025-09-14'),
(22, 215.53, 'bank_transfer', '2025-09-19'),
(24, 97.15, 'credit_card', '2025-01-25'),
(25, 17.60, 'paypal', '2025-02-22'),
(26, 98.06, 'paypal', '2025-09-01'),
(26, -98.06, 'refund', '2025-09-05'),
(27, 78.87, 'paypal', '2024-07-27'),
(28, 305.35, 'paypal', '2026-01-08'),
(28, -305.35, 'refund', '2026-01-14'),
(31, 156.03, 'paypal', '2025-05-22'),
(32, 25.50, 'credit_card', '2024-12-13'),
(32, -25.50, 'refund', '2024-12-17'),
(34, 217.84, 'bank_transfer', '2025-11-02'),
(34, -217.84, 'refund', '2025-11-04'),
(35, 117.84, 'paypal', '2025-05-21'),
(36, 309.59, 'bank_transfer', '2026-01-21'),
(37, 100.52, 'paypal', '2026-01-24'),
(39, 328.67, 'credit_card', '2025-07-13'),
(39, -328.67, 'refund', '2025-07-15'),
(40, 240.78, 'credit_card', '2026-01-07'),
(41, 130.05, 'bank_transfer', '2025-06-28'),
(42, 339.91, 'paypal', '2024-06-10'),
(43, 198.18, 'credit_card', '2025-07-04'),
(44, 120.18, 'paypal', '2025-09-24'),
(44, -120.18, 'refund', '2025-09-28'),
(45, 314.41, 'paypal', '2025-01-28'),
(46, 222.90, 'bank_transfer', '2024-09-21'),
(46, -222.90, 'refund', '2024-09-21'),
(47, 140.61, 'credit_card', '2025-03-19'),
(48, 98.85, 'bank_transfer', '2025-08-14'),
(49, 83.96, 'bank_transfer', '2025-10-14'),
(50, 103.97, 'paypal', '2024-09-25'),
(52, 326.25, 'bank_transfer', '2025-12-09'),
(53, 120.26, 'bank_transfer', '2025-02-06'),
(53, -120.26, 'refund', '2025-02-07'),
(54, 198.32, 'credit_card', '2025-12-03'),
(54, -198.32, 'refund', '2025-12-07'),
(55, 200.59, 'credit_card', '2026-01-22'),
(55, -200.59, 'refund', '2026-01-27'),
(56, 111.84, 'paypal', '2025-04-06'),
(58, 124.02, 'bank_transfer', '2024-07-29'),
(60, 116.40, 'paypal', '2025-01-24'),
(61, 313.30, 'bank_transfer', '2026-01-21'),
(62, 320.63, 'bank_transfer', '2025-03-24'),
(63, 234.47, 'bank_transfer', '2025-11-09'),
(64, 338.52, 'paypal', '2025-11-28'),
(65, 136.28, 'paypal', '2025-10-29'),
(65, -136.28, 'refund', '2025-11-02'),
(67, 105.57, 'credit_card', '2025-12-18'),
(68, 189.39, 'credit_card', '2024-12-11'),
(69, 227.61, 'paypal', '2025-11-25'),
(71, 177.23, 'paypal', '2025-11-27'),
(72, 320.33, 'bank_transfer', '2025-01-14'),
(73, 279.62, 'credit_card', '2026-01-17'),
(73, -279.62, 'refund', '2026-01-20'),
(74, 308.20, 'bank_transfer', '2025-12-21'),
(75, 348.92, 'paypal', '2025-12-17'),
(76, 208.28, 'credit_card', '2024-10-17'),
(76, -208.28, 'refund', '2024-10-20'),
(77, 18.56, 'bank_transfer', '2025-06-08'),
(77, -18.56, 'refund', '2025-06-16'),
(78, 129.61, 'paypal', '2025-12-27'),
(78, -129.61, 'refund', '2025-12-31'),
(79, 16.03, 'credit_card', '2025-05-14'),
(81, 96.05, 'paypal', '2025-09-03'),
(83, 290.61, 'paypal', '2025-06-24'),
(83, -290.61, 'refund', '2025-06-26'),
(85, 120.54, 'bank_transfer', '2025-06-19'),
(86, 222.51, 'bank_transfer', '2025-11-29'),
(87, 61.82, 'bank_transfer', '2026-01-19'),
(87, -61.82, 'refund', '2026-01-22'),
(88, 257.05, 'bank_transfer', '2025-06-22'),
(90, 261.72, 'credit_card', '2026-01-07'),
(91, 25.49, 'credit_card', '2025-10-15'),
(92, 292.58, 'bank_transfer', '2025-12-10'),
(93, 320.80, 'credit_card', '2025-10-09'),
(93, -320.80, 'refund', '2025-10-13'),
(95, 263.93, 'credit_card', '2025-07-04'),
(96, 187.29, 'paypal', '2025-03-29'),
(97, 18.13, 'credit_card', '2025-01-02'),
(98, 179.70, 'credit_card', '2025-08-18'),
(99, 189.73, 'paypal', '2025-07-30'),
(100, 210.24, 'bank_transfer', '2025-03-10'),
(101, 133.33, 'paypal', '2025-12-29'),
(103, 94.04, 'credit_card', '2026-01-15'),
(104, 108.50, 'paypal', '2025-09-07'),
(105, 206.09, 'bank_transfer', '2024-09-05'),
(106, 25.67, 'credit_card', '2025-02-06'),
(108, 148.52, 'credit_card', '2025-12-24'),
(109, 157.77, 'credit_card', '2025-11-01'),
(109, -157.77, 'refund', '2025-11-02'),
(111, 47.42, 'paypal', '2025-11-19'),
(113, 209.82, 'credit_card', '2025-03-18'),
(114, 335.56, 'paypal', '2025-10-19'),
(114, -335.56, 'refund', '2025-10-27'),
(115, 160.16, 'paypal', '2026-01-22'),
(116, 264.09, 'credit_card', '2025-08-14'),
(118, 111.56, 'bank_transfer', '2025-10-17'),
(120, 305.51, 'credit_card', '2026-01-12'),
(122, 248.68, 'credit_card', '2025-04-29'),
(123, 242.76, 'paypal', '2025-06-02'),
(125, 291.22, 'credit_card', '2025-11-07'),
(126, 243.56, 'bank_transfer', '2025-10-06'),
(126, -243.56, 'refund', '2025-10-10'),
(127, 93.97, 'bank_transfer', '2025-11-16'),
(127, -93.97, 'refund', '2025-11-23'),
(128, 69.95, 'paypal', '2024-09-29'),
(129, 231.07, 'credit_card', '2026-01-05'),
(130, 323.64, 'paypal', '2024-06-14'),
(130, -323.64, 'refund', '2024-06-20'),
(131, 63.03, 'credit_card', '2025-01-29'),
(131, -63.03, 'refund', '2025-02-04'),
(134, 149.48, 'paypal', '2025-09-15'),
(134, -149.48, 'refund', '2025-09-21'),
(136, 85.20, 'paypal', '2024-06-18'),
(137, 183.33, 'paypal', '2026-01-13'),
(138, 299.07, 'paypal', '2024-04-17'),
(138, -299.07, 'refund', '2024-04-24'),
(139, 78.32, 'bank_transfer', '2026-01-21'),
(140, 160.52, 'credit_card', '2025-08-01'),
(140, -160.52, 'refund', '2025-08-07'),
(141, 20.63, 'bank_transfer', '2026-01-16'),
(142, 164.05, 'bank_transfer', '2025-08-31'),
(142, -164.05, 'refund', '2025-09-07'),
(143, 39.16, 'bank_transfer', '2024-12-31'),
(144, 209.99, 'credit_card', '2024-11-12'),
(145, 15.79, 'credit_card', '2025-09-09'),
(146, 278.15, 'bank_transfer', '2025-06-21'),
(147, 84.48, 'bank_transfer', '2026-01-17'),
(148, 91.15, 'paypal', '2025-11-14'),
(148, -91.15, 'refund', '2025-11-19'),
(149, 262.23, 'bank_transfer', '2025-10-27'),
(149, -262.23, 'refund', '2025-10-30'),
(151, 49.96, 'bank_transfer', '2025-03-29'),
(152, 239.57, 'credit_card', '2025-11-05'),
(153, 279.10, 'paypal', '2024-12-30'),
(154, 153.21, 'credit_card', '2026-01-09'),
(155, 304.93, 'credit_card', '2025-04-17'),
(156, 167.11, 'credit_card', '2025-05-12'),
(157, 82.14, 'bank_transfer', '2025-03-06'),
(158, 239.12, 'bank_transfer', '2025-06-17'),
(159, 264.39, 'credit_card', '2025-11-18'),
(160, 127.66, 'bank_transfer', '2025-01-08'),
(161, 81.36, 'bank_transfer', '2024-10-11'),
(163, 343.63, 'bank_transfer', '2025-09-02'),
(164, 27.70, 'credit_card', '2025-11-27'),
(165, 161.01, 'bank_transfer', '2024-09-30'),
(166, 66.87, 'paypal', '2025-05-16'),
(167, 233.77, 'paypal', '2026-01-23'),
(168, 241.15, 'paypal', '2026-01-10'),
(168, -241.15, 'refund', '2026-01-14'),
(169, 18.97, 'credit_card', '2024-12-30'),
(170, 86.04, 'bank_transfer', '2025-04-15'),
(170, -86.04, 'refund', '2025-04-22'),
(172, 238.76, 'paypal', '2025-07-07'),
(172, -238.76, 'refund', '2025-07-11'),
(173, 40.13, 'bank_transfer', '2025-06-12'),
(174, 214.51, 'credit_card', '2025-10-14'),
(175, 282.97, 'bank_transfer', '2025-09-27'),
(177, 278.80, 'paypal', '2025-04-14'),
(178, 76.95, 'credit_card', '2025-08-28'),
(179, 349.96, 'credit_card', '2026-01-14'),
(179, -349.96, 'refund', '2026-01-17'),
(180, 106.50, 'bank_transfer', '2025-09-21'),
(181, 83.14, 'bank_transfer', '2025-06-22'),
(182, 42.76, 'bank_transfer', '2024-02-26'),
(183, 199.11, 'credit_card', '2025-12-25'),
(185, 167.39, 'credit_card', '2025-06-05'),
(186, 234.71, 'credit_card', '2025-10-01'),
(187, 75.31, 'credit_card', '2025-07-19'),
(188, 345.72, 'paypal', '2026-01-19'),
(188, -345.72, 'refund', '2026-01-23'),
(189, 335.75, 'bank_transfer', '2025-12-16'),
(190, 234.01, 'credit_card', '2026-01-13'),
(191, 248.21, 'paypal', '2026-01-01'),
(192, 112.96, 'paypal', '2025-02-21'),
(192, -112.96, 'refund', '2025-02-22'),
(194, 309.79, 'paypal', '2025-10-24'),
(195, 141.16, 'paypal', '2025-08-25'),
(197, 86.61, 'bank_transfer', '2026-01-19'),
(199, 245.94, 'credit_card', '2025-10-05'),
(200, 349.09, 'paypal', '2025-08-05'),
(202, 70.93, 'paypal', '2026-01-12'),
(203, 103.20, 'paypal', '2026-01-05'),
(206, 180.93, 'paypal', '2026-01-20'),
(208, 104.45, 'bank_transfer', '2024-11-02'),
(209, 95.67, 'credit_card', '2026-01-13'),
(210, 235.14, 'credit_card', '2025-09-30'),
(211, 69.06, 'credit_card', '2024-11-27'),
(212, 54.22, 'credit_card', '2025-05-15'),
(212, -54.22, 'refund', '2025-05-18'),
(213, 37.54, 'bank_transfer', '2025-05-08'),
(217, 257.65, 'bank_transfer', '2024-12-22'),
(218, 346.17, 'bank_transfer', '2025-12-06'),
(221, 113.05, 'bank_transfer', '2025-04-26'),
(221, -113.05, 'refund', '2025-04-29'),
(223, 39.57, 'paypal', '2026-01-26'),
(224, 234.29, 'credit_card', '2025-09-20'),
(225, 253.28, 'bank_transfer', '2026-01-21'),
(226, 180.01, 'credit_card', '2024-11-22'),
(227, 168.45, 'bank_transfer', '2025-02-14'),
(228, 78.22, 'credit_card', '2025-10-09'),
(228, -78.22, 'refund', '2025-10-10'),
(229, 72.33, 'credit_card', '2024-07-27'),
(229, -72.33, 'refund', '2024-08-01'),
(230, 108.43, 'paypal', '2025-09-20'),
(231, 112.01, 'paypal', '2025-08-05'),
(231, -112.01, 'refund', '2025-08-10'),
(232, 156.20, 'credit_card', '2024-12-13'),
(233, 104.12, 'bank_transfer', '2025-11-05'),
(234, 319.08, 'paypal', '2024-11-29'),
(235, 156.64, 'bank_transfer', '2025-11-01'),
(236, 152.55, 'paypal', '2025-12-30'),
(237, 159.26, 'credit_card', '2025-04-06'),
(239, 175.07, 'paypal', '2026-01-03'),
(240, 326.56, 'paypal', '2025-12-29'),
(241, 315.43, 'paypal', '2024-06-20'),
(242, 117.25, 'bank_transfer', '2026-01-24'),
(242, -117.25, 'refund', '2026-01-25'),
(243, 200.12, 'paypal', '2025-12-21'),
(243, -200.12, 'refund', '2025-12-29'),
(244, 45.99, 'paypal', '2026-01-25'),
(245, 160.91, 'paypal', '2026-01-04'),
(246, 206.28, 'credit_card', '2025-01-27'),
(247, 127.92, 'paypal', '2025-12-26'),
(248, 271.02, 'credit_card', '2024-08-30'),
(249, 270.01, 'credit_card', '2025-10-10'),
(249, -270.01, 'refund', '2025-10-12'),
(250, 31.19, 'bank_transfer', '2024-12-28'),
(253, 92.21, 'bank_transfer', '2025-11-04'),
(254, 19.64, 'paypal', '2025-11-26'),
(255, 144.62, 'credit_card', '2025-05-25'),
(255, -144.62, 'refund', '2025-06-02'),
(256, 299.05, 'bank_transfer', '2025-10-22'),
(257, 17.57, 'bank_transfer', '2025-08-24'),
(258, 232.99, 'bank_transfer', '2025-09-11'),
(259, 268.82, 'bank_transfer', '2025-07-03'),
(259, -268.82, 'refund', '2025-07-10'),
(260, 279.37, 'credit_card', '2025-07-01'),
(261, 127.76, 'paypal', '2025-06-07'),
(262, 299.00, 'bank_transfer', '2024-09-08'),
(263, 310.84, 'paypal', '2025-05-13'),
(264, 178.26, 'bank_transfer', '2025-08-20'),
(265, 197.49, 'paypal', '2025-06-20'),
(266, 332.51, 'credit_card', '2025-06-04'),
(267, 182.74, 'paypal', '2025-12-26'),
(268, 39.10, 'bank_transfer', '2024-06-25'),
(269, 147.36, 'credit_card', '2025-04-04'),
(270, 122.17, 'paypal', '2025-11-28'),
(271, 152.80, 'paypal', '2025-11-23'),
(272, 299.37, 'bank_transfer', '2025-10-15'),
(273, 101.66, 'credit_card', '2026-01-07'),
(273, -101.66, 'refund', '2026-01-09'),
(274, 106.73, 'credit_card', '2025-09-04'),
(274, -106.73, 'refund', '2025-09-08'),
(275, 241.77, 'bank_transfer', '2025-11-11'),
(276, 203.66, 'bank_transfer', '2024-02-25'),
(277, 50.99, 'bank_transfer', '2024-06-23'),
(278, 286.79, 'bank_transfer', '2025-04-11'),
(279, 165.32, 'credit_card', '2025-07-23'),
(279, -165.32, 'refund', '2025-07-29'),
(280, 337.63, 'paypal', '2025-09-11'),
(280, -337.63, 'refund', '2025-09-13'),
(282, 177.19, 'credit_card', '2025-03-08'),
(283, 311.93, 'bank_transfer', '2025-11-01'),
(284, 170.86, 'paypal', '2026-01-15'),
(286, 61.34, 'credit_card', '2025-12-20'),
(286, -61.34, 'refund', '2025-12-25'),
(287, 289.60, 'bank_transfer', '2025-12-18'),
(288, 81.54, 'credit_card', '2025-04-17'),
(289, 146.10, 'paypal', '2025-06-29'),
(290, 317.86, 'credit_card', '2024-06-10'),
(291, 323.11, 'credit_card', '2024-10-25'),
(292, 180.50, 'bank_transfer', '2024-09-16'),
(293, 347.41, 'bank_transfer', '2025-10-27'),
(294, 317.17, 'credit_card', '2025-11-19'),
(295, 49.28, 'bank_transfer', '2024-10-01'),
(295, -49.28, 'refund', '2024-10-05'),
(297, 84.49, 'paypal', '2025-06-23'),
(298, 322.73, 'paypal', '2025-02-21'),
(299, 74.20, 'bank_transfer', '2025-04-01'),
(300, 82.06, 'bank_transfer', '2025-07-08'),
(300, -82.06, 'refund', '2025-07-10'),
(301, 110.40, 'paypal', '2024-11-26'),
(302, 298.16, 'bank_transfer', '2025-03-15'),
(302, -298.16, 'refund', '2025-03-23'),
(303, 205.87, 'paypal', '2024-07-30'),
(304, 298.21, 'paypal', '2025-05-16'),
(305, 225.69, 'credit_card', '2025-10-14'),
(306, 305.73, 'paypal', '2025-10-11'),
(306, -305.73, 'refund', '2025-10-16'),
(307, 49.10, 'paypal', '2025-07-06'),
(309, 74.17, 'bank_transfer', '2024-10-13'),
(310, 346.82, 'paypal', '2025-10-06'),
(311, 228.31, 'credit_card', '2025-03-22'),
(312, 89.00, 'paypal', '2025-04-27'),
(313, 228.40, 'paypal', '2024-11-19'),
(314, 180.10, 'paypal', '2025-11-18'),
(315, 158.03, 'credit_card', '2025-05-14'),
(315, -158.03, 'refund', '2025-05-21'),
(316, 166.08, 'credit_card', '2025-03-04'),
(318, 37.20, 'paypal', '2025-09-29'),
(318, -37.20, 'refund', '2025-10-06'),
(319, 174.37, 'credit_card', '2025-03-11'),
(320, 101.75, 'bank_transfer', '2025-07-08'),
(321, 223.36, 'paypal', '2025-01-16'),
(322, 45.44, 'paypal', '2025-08-14'),
(323, 299.32, 'bank_transfer', '2025-03-10'),
(325, 299.16, 'bank_transfer', '2025-12-19'),
(326, 133.64, 'paypal', '2025-11-12'),
(327, 80.17, 'credit_card', '2025-05-29'),
(328, 331.11, 'paypal', '2025-11-03'),
(328, -331.11, 'refund', '2025-11-05'),
(331, 326.72, 'bank_transfer', '2025-06-23'),
(331, -326.72, 'refund', '2025-06-27'),
(332, 333.07, 'paypal', '2024-07-21'),
(333, 156.46, 'bank_transfer', '2024-02-23'),
(333, -156.46, 'refund', '2024-02-25'),
(334, 102.34, 'bank_transfer', '2025-08-04'),
(335, 84.11, 'bank_transfer', '2025-10-19'),
(336, 95.98, 'paypal', '2025-01-27'),
(339, 342.23, 'paypal', '2025-06-02'),
(340, 219.84, 'paypal', '2025-12-12'),
(341, 221.71, 'credit_card', '2025-03-12'),
(342, 191.93, 'paypal', '2025-07-04'),
(343, 282.83, 'paypal', '2024-07-29'),
(343, -282.83, 'refund', '2024-08-07'),
(344, 267.24, 'credit_card', '2025-02-02'),
(344, -267.24, 'refund', '2025-02-04'),
(345, 314.06, 'paypal', '2025-07-16'),
(346, 347.56, 'credit_card', '2025-11-01'),
(348, 304.15, 'credit_card', '2026-01-14'),
(348, -304.15, 'refund', '2026-01-17'),
(349, 40.77, 'credit_card', '2025-06-09'),
(350, 324.16, 'bank_transfer', '2025-07-01'),
(351, 15.22, 'bank_transfer', '2025-08-07'),
(351, -15.22, 'refund', '2025-08-10'),
(352, 244.91, 'bank_transfer', '2025-03-21'),
(352, -244.91, 'refund', '2025-03-23'),
(354, 163.56, 'credit_card', '2025-11-19'),
(355, 309.31, 'paypal', '2025-09-28'),
(356, 284.94, 'credit_card', '2025-03-14'),
(356, -284.94, 'refund', '2025-03-22'),
(357, 170.86, 'paypal', '2025-04-23'),
(358, 269.02, 'paypal', '2025-09-24'),
(359, 160.79, 'paypal', '2025-10-21'),
(360, 273.27, 'credit_card', '2025-08-11'),
(361, 92.43, 'bank_transfer', '2026-01-19'),
(364, 151.41, 'bank_transfer', '2025-10-28'),
(366, 139.58, 'bank_transfer', '2025-05-01'),
(367, 89.67, 'bank_transfer', '2025-11-09'),
(368, 229.30, 'bank_transfer', '2026-01-03'),
(368, -229.30, 'refund', '2026-01-08'),
(369, 170.27, 'bank_transfer', '2025-09-22'),
(370, 128.46, 'paypal', '2025-05-25'),
(370, -128.46, 'refund', '2025-05-28'),
(371, 277.54, 'paypal', '2025-04-10'),
(374, 59.10, 'credit_card', '2025-03-24'),
(374, -59.10, 'refund', '2025-03-29'),
(375, 239.65, 'paypal', '2025-05-25'),
(376, 226.28, 'credit_card', '2025-11-10'),
(377, 178.55, 'credit_card', '2025-11-07'),
(378, 217.89, 'paypal', '2025-11-21'),
(378, -217.89, 'refund', '2025-11-29'),
(380, 182.12, 'bank_transfer', '2026-01-15'),
(381, 263.82, 'credit_card', '2026-01-13'),
(382, 304.96, 'bank_transfer', '2025-11-03'),
(382, -304.96, 'refund', '2025-11-09'),
(383, 214.52, 'bank_transfer', '2025-11-19'),
(383, -214.52, 'refund', '2025-11-22'),
(385, 339.90, 'paypal', '2025-05-19'),
(386, 126.62, 'paypal', '2025-09-03'),
(387, 134.36, 'credit_card', '2025-12-30'),
(388, 18.51, 'bank_transfer', '2025-04-01'),
(388, -18.51, 'refund', '2025-04-03'),
(389, 34.29, 'paypal', '2025-12-28'),
(390, 172.73, 'credit_card', '2024-02-29'),
(391, 340.19, 'credit_card', '2026-01-23'),
(392, 165.34, 'paypal', '2025-07-14'),
(393, 195.70, 'paypal', '2026-01-09'),
(394, 111.82, 'bank_transfer', '2025-12-22'),
(397, 314.97, 'bank_transfer', '2025-12-23'),
(398, 218.07, 'paypal', '2025-09-30'),
(400, 231.93, 'bank_transfer', '2025-07-17');

-- ============================================
-- SHIPMENTS
-- ============================================
INSERT INTO shipments (order_id, shipped_date, delivery_date, carrier) VALUES
(1, '2026-01-03', '2026-01-04', 'dhl'),
(2, '2025-06-17', '2025-06-21', 'dhl'),
(3, '2025-04-19', '2025-04-20', 'fedex'),
(4, '2025-08-17', '2025-08-19', 'ups'),
(5, '2025-08-10', '2025-08-13', 'ups'),
(6, '2025-12-14', '2025-12-15', 'ups'),
(8, '2025-11-10', '2025-11-15', 'dhl'),
(11, '2025-03-13', '2025-03-15', 'dhl'),
(12, '2026-01-14', '2026-01-15', 'ups'),
(13, '2025-06-15', '2025-06-21', 'fedex'),
(14, '2025-11-03', '2025-11-09', 'ups'),
(15, '2025-06-30', '2025-07-04', 'dhl'),
(17, '2026-01-17', '2026-01-22', 'fedex'),
(18, '2025-05-24', '2025-05-25', 'fedex'),
(20, '2025-09-14', '2025-09-15', 'fedex'),
(22, '2025-09-19', '2025-09-24', 'fedex'),
(24, '2025-01-25', '2025-01-28', 'fedex'),
(25, '2025-02-21', '2025-02-23', 'ups'),
(26, '2025-08-31', '2025-09-05', 'fedex'),
(27, '2024-07-27', '2024-08-01', 'dhl'),
(28, '2026-01-07', '2026-01-13', 'dhl'),
(31, '2025-05-22', '2025-05-26', 'ups'),
(32, '2024-12-13', '2024-12-15', 'fedex'),
(34, '2025-11-02', '2025-11-03', 'ups'),
(35, '2025-05-20', '2025-05-25', 'ups'),
(36, '2026-01-21', '2026-01-24', 'ups'),
(37, '2026-01-24', '2026-01-27', 'fedex'),
(39, '2025-07-12', '2025-07-14', 'fedex'),
(40, '2026-01-07', '2026-01-11', 'fedex'),
(41, '2025-06-28', '2025-06-30', 'dhl'),
(42, '2024-06-09', '2024-06-13', 'fedex'),
(43, '2025-07-04', '2025-07-08', 'fedex'),
(44, '2025-09-24', '2025-09-25', 'fedex'),
(45, '2025-01-28', '2025-02-02', 'fedex'),
(46, '2024-09-20', '2024-09-21', 'fedex'),
(47, '2025-03-18', '2025-03-19', 'fedex'),
(48, '2025-08-13', '2025-08-19', 'ups'),
(49, '2025-10-14', '2025-10-15', 'ups'),
(50, '2024-09-24', '2024-09-26', 'fedex'),
(52, '2025-12-09', '2025-12-13', 'dhl'),
(53, '2025-02-06', '2025-02-07', 'ups'),
(54, '2025-12-03', '2025-12-04', 'ups'),
(55, '2026-01-22', '2026-01-25', 'ups'),
(56, '2025-04-05', '2025-04-08', 'fedex'),
(58, '2024-07-29', '2024-08-03', 'dhl'),
(60, '2025-01-23', '2025-01-29', 'fedex'),
(61, '2026-01-21', '2026-01-25', 'dhl'),
(62, '2025-03-23', '2025-03-27', 'dhl'),
(63, '2025-11-08', '2025-11-09', 'dhl'),
(64, '2025-11-27', '2025-11-29', 'ups'),
(65, '2025-10-29', '2025-10-30', 'fedex'),
(67, '2025-12-17', '2025-12-19', 'ups'),
(68, '2024-12-10', '2024-12-13', 'fedex'),
(69, '2025-11-25', '2025-11-29', 'dhl'),
(71, '2025-11-26', '2025-11-27', 'fedex'),
(72, '2025-01-14', '2025-01-18', 'dhl'),
(73, '2026-01-17', '2026-01-19', 'fedex'),
(74, '2025-12-20', '2025-12-21', 'fedex'),
(75, '2025-12-16', '2025-12-21', 'ups'),
(76, '2024-10-16', '2024-10-19', 'fedex'),
(77, '2025-06-08', '2025-06-13', 'fedex'),
(78, '2025-12-27', '2025-12-30', 'fedex'),
(79, '2025-05-13', '2025-05-18', 'ups'),
(81, '2025-09-03', '2025-09-09', 'ups'),
(83, '2025-06-24', '2025-06-25', 'ups'),
(85, '2025-06-18', '2025-06-24', 'ups'),
(86, '2025-11-28', '2025-12-01', 'fedex'),
(87, '2026-01-19', '2026-01-21', 'ups'),
(88, '2025-06-21', '2025-06-27', 'dhl'),
(90, '2026-01-07', '2026-01-13', 'ups'),
(91, '2025-10-15', '2025-10-18', 'dhl'),
(92, '2025-12-09', '2025-12-14', 'dhl'),
(93, '2025-10-09', '2025-10-12', 'ups'),
(95, '2025-07-04', '2025-07-08', 'dhl'),
(96, '2025-03-29', '2025-04-02', 'fedex'),
(97, '2025-01-02', '2025-01-05', 'ups'),
(98, '2025-08-18', '2025-08-20', 'ups'),
(99, '2025-07-30', '2025-08-01', 'ups'),
(100, '2025-03-09', '2025-03-14', 'dhl'),
(101, '2025-12-28', '2026-01-03', 'ups'),
(103, '2026-01-15', '2026-01-21', 'dhl'),
(104, '2025-09-07', '2025-09-09', 'fedex'),
(105, '2024-09-05', '2024-09-08', 'dhl'),
(106, '2025-02-06', '2025-02-12', 'dhl'),
(108, '2025-12-23', '2025-12-29', 'fedex'),
(109, '2025-10-31', '2025-11-01', 'dhl'),
(111, '2025-11-19', '2025-11-24', 'ups'),
(113, '2025-03-18', '2025-03-20', 'ups'),
(114, '2025-10-19', '2025-10-24', 'fedex'),
(115, '2026-01-22', '2026-01-25', 'fedex'),
(116, '2025-08-13', '2025-08-14', 'fedex'),
(118, '2025-10-17', '2025-10-23', 'dhl'),
(120, '2026-01-11', '2026-01-15', 'dhl'),
(122, '2025-04-28', '2025-05-01', 'ups'),
(123, '2025-06-01', '2025-06-02', 'fedex'),
(125, '2025-11-06', '2025-11-07', 'fedex'),
(126, '2025-10-06', '2025-10-08', 'fedex'),
(127, '2025-11-16', '2025-11-21', 'dhl'),
(128, '2024-09-29', '2024-10-03', 'fedex'),
(129, '2026-01-04', '2026-01-09', 'fedex'),
(130, '2024-06-13', '2024-06-17', 'fedex'),
(131, '2025-01-29', '2025-02-02', 'dhl'),
(134, '2025-09-15', '2025-09-19', 'fedex'),
(136, '2024-06-17', '2024-06-18', 'dhl'),
(137, '2026-01-13', '2026-01-19', 'fedex'),
(138, '2024-04-17', '2024-04-23', 'ups'),
(139, '2026-01-21', '2026-01-24', 'ups'),
(140, '2025-08-01', '2025-08-04', 'ups'),
(141, '2026-01-16', '2026-01-22', 'fedex'),
(142, '2025-08-30', '2025-09-05', 'fedex'),
(143, '2024-12-31', '2025-01-06', 'ups'),
(144, '2024-11-11', '2024-11-16', 'ups'),
(145, '2025-09-09', '2025-09-14', 'fedex'),
(146, '2025-06-20', '2025-06-22', 'dhl'),
(147, '2026-01-17', '2026-01-20', 'fedex'),
(148, '2025-11-14', '2025-11-18', 'ups'),
(149, '2025-10-26', '2025-10-28', 'fedex'),
(151, '2025-03-29', '2025-04-02', 'ups'),
(152, '2025-11-05', '2025-11-11', 'ups'),
(153, '2024-12-30', '2025-01-03', 'fedex'),
(154, '2026-01-09', '2026-01-15', 'ups'),
(155, '2025-04-17', '2025-04-21', 'dhl'),
(156, '2025-05-12', '2025-05-16', 'ups'),
(157, '2025-03-05', '2025-03-06', 'fedex'),
(158, '2025-06-16', '2025-06-19', 'dhl'),
(159, '2025-11-18', '2025-11-19', 'dhl'),
(160, '2025-01-08', '2025-01-12', 'dhl'),
(161, '2024-10-10', '2024-10-16', 'ups'),
(163, '2025-09-02', '2025-09-07', 'dhl'),
(164, '2025-11-26', '2025-11-30', 'fedex'),
(165, '2024-09-30', '2024-10-05', 'ups'),
(166, '2025-05-16', '2025-05-17', 'ups'),
(167, '2026-01-23', '2026-01-25', 'dhl'),
(168, '2026-01-10', '2026-01-11', 'fedex'),
(169, '2024-12-29', '2025-01-04', 'fedex'),
(170, '2025-04-15', '2025-04-19', 'fedex'),
(172, '2025-07-07', '2025-07-08', 'fedex'),
(173, '2025-06-12', '2025-06-15', 'fedex'),
(174, '2025-10-13', '2025-10-18', 'dhl'),
(175, '2025-09-27', '2025-09-28', 'ups'),
(177, '2025-04-13', '2025-04-15', 'fedex'),
(178, '2025-08-28', '2025-09-01', 'ups'),
(179, '2026-01-14', '2026-01-15', 'ups'),
(180, '2025-09-20', '2025-09-26', 'fedex'),
(181, '2025-06-22', '2025-06-23', 'dhl'),
(182, '2024-02-25', '2024-02-26', 'dhl'),
(183, '2025-12-24', '2025-12-30', 'fedex'),
(185, '2025-06-04', '2025-06-06', 'fedex'),
(186, '2025-09-30', '2025-10-02', 'ups'),
(187, '2025-07-18', '2025-07-20', 'dhl'),
(188, '2026-01-19', '2026-01-21', 'dhl'),
(189, '2025-12-16', '2025-12-17', 'fedex'),
(190, '2026-01-12', '2026-01-14', 'fedex'),
(191, '2025-12-31', '2026-01-02', 'fedex'),
(192, '2025-02-20', '2025-02-21', 'ups'),
(194, '2025-10-23', '2025-10-29', 'fedex'),
(195, '2025-08-25', '2025-08-26', 'ups'),
(197, '2026-01-19', '2026-01-24', 'dhl'),
(199, '2025-10-05', '2025-10-08', 'dhl'),
(200, '2025-08-05', '2025-08-06', 'ups'),
(202, '2026-01-12', '2026-01-17', 'fedex'),
(203, '2026-01-04', '2026-01-05', 'ups'),
(206, '2026-01-19', '2026-01-23', 'ups'),
(208, '2024-11-01', '2024-11-07', 'ups'),
(209, '2026-01-13', '2026-01-17', 'fedex'),
(210, '2025-09-30', '2025-10-06', 'ups'),
(211, '2024-11-26', '2024-11-29', 'fedex'),
(212, '2025-05-14', '2025-05-15', 'ups'),
(213, '2025-05-08', '2025-05-12', 'fedex'),
(217, '2024-12-21', '2024-12-24', 'dhl'),
(218, '2025-12-06', '2025-12-11', 'dhl'),
(221, '2025-04-26', '2025-04-27', 'dhl'),
(223, '2026-01-26', '2026-01-28', 'ups'),
(224, '2025-09-20', '2025-09-26', 'dhl'),
(225, '2026-01-20', '2026-01-25', 'fedex'),
(226, '2024-11-21', '2024-11-24', 'dhl'),
(227, '2025-02-13', '2025-02-16', 'ups'),
(228, '2025-10-08', '2025-10-09', 'dhl'),
(229, '2024-07-26', '2024-08-01', 'ups'),
(230, '2025-09-19', '2025-09-22', 'fedex'),
(231, '2025-08-04', '2025-08-08', 'fedex'),
(232, '2024-12-13', '2024-12-14', 'dhl'),
(233, '2025-11-05', '2025-11-06', 'dhl'),
(234, '2024-11-28', '2024-12-03', 'fedex'),
(235, '2025-11-01', '2025-11-03', 'fedex'),
(236, '2025-12-29', '2026-01-02', 'ups'),
(237, '2025-04-06', '2025-04-10', 'dhl'),
(239, '2026-01-02', '2026-01-05', 'fedex'),
(240, '2025-12-29', '2026-01-02', 'fedex'),
(241, '2024-06-20', '2024-06-24', 'dhl'),
(242, '2026-01-24', '2026-01-25', 'ups'),
(243, '2025-12-21', '2025-12-27', 'ups'),
(244, '2026-01-24', '2026-01-29', 'ups'),
(245, '2026-01-04', '2026-01-05', 'ups'),
(246, '2025-01-26', '2025-01-29', 'dhl'),
(247, '2025-12-25', '2025-12-28', 'dhl'),
(248, '2024-08-30', '2024-08-31', 'ups'),
(249, '2025-10-10', '2025-10-12', 'fedex'),
(250, '2024-12-28', '2024-12-31', 'fedex'),
(253, '2025-11-03', '2025-11-06', 'fedex'),
(254, '2025-11-26', '2025-12-02', 'dhl'),
(255, '2025-05-25', '2025-05-30', 'fedex'),
(256, '2025-10-22', '2025-10-25', 'ups'),
(257, '2025-08-23', '2025-08-24', 'fedex'),
(258, '2025-09-11', '2025-09-14', 'dhl'),
(259, '2025-07-03', '2025-07-08', 'ups'),
(260, '2025-07-01', '2025-07-02', 'fedex'),
(261, '2025-06-06', '2025-06-07', 'ups'),
(262, '2024-09-08', '2024-09-13', 'dhl'),
(263, '2025-05-13', '2025-05-18', 'fedex'),
(264, '2025-08-19', '2025-08-23', 'fedex'),
(265, '2025-06-19', '2025-06-22', 'ups'),
(266, '2025-06-03', '2025-06-06', 'ups'),
(267, '2025-12-25', '2025-12-27', 'dhl'),
(268, '2024-06-24', '2024-06-25', 'ups'),
(269, '2025-04-04', '2025-04-08', 'fedex'),
(270, '2025-11-27', '2025-12-03', 'ups'),
(271, '2025-11-22', '2025-11-28', 'ups'),
(272, '2025-10-15', '2025-10-18', 'ups'),
(273, '2026-01-06', '2026-01-07', 'fedex'),
(274, '2025-09-04', '2025-09-05', 'dhl'),
(275, '2025-11-11', '2025-11-14', 'dhl'),
(276, '2024-02-24', '2024-02-25', 'dhl'),
(277, '2024-06-22', '2024-06-27', 'dhl'),
(278, '2025-04-11', '2025-04-16', 'ups'),
(279, '2025-07-23', '2025-07-29', 'fedex'),
(280, '2025-09-11', '2025-09-13', 'ups'),
(282, '2025-03-08', '2025-03-12', 'ups'),
(283, '2025-10-31', '2025-11-04', 'dhl'),
(284, '2026-01-14', '2026-01-20', 'fedex'),
(286, '2025-12-20', '2025-12-25', 'dhl'),
(287, '2025-12-18', '2025-12-24', 'ups'),
(288, '2025-04-16', '2025-04-20', 'ups'),
(289, '2025-06-28', '2025-07-02', 'fedex'),
(290, '2024-06-09', '2024-06-15', 'dhl'),
(291, '2024-10-25', '2024-10-29', 'fedex'),
(292, '2024-09-16', '2024-09-21', 'fedex'),
(293, '2025-10-26', '2025-10-30', 'ups'),
(294, '2025-11-19', '2025-11-25', 'ups'),
(295, '2024-10-01', '2024-10-03', 'ups'),
(297, '2025-06-22', '2025-06-24', 'dhl'),
(298, '2025-02-20', '2025-02-22', 'dhl'),
(299, '2025-04-01', '2025-04-07', 'fedex'),
(300, '2025-07-07', '2025-07-09', 'ups'),
(301, '2024-11-26', '2024-12-01', 'dhl'),
(302, '2025-03-15', '2025-03-21', 'fedex'),
(303, '2024-07-30', '2024-08-05', 'fedex'),
(304, '2025-05-15', '2025-05-21', 'dhl'),
(305, '2025-10-14', '2025-10-15', 'ups'),
(306, '2025-10-10', '2025-10-16', 'ups'),
(307, '2025-07-06', '2025-07-12', 'ups'),
(309, '2024-10-13', '2024-10-15', 'fedex'),
(310, '2025-10-06', '2025-10-10', 'dhl'),
(311, '2025-03-22', '2025-03-26', 'dhl'),
(312, '2025-04-26', '2025-04-30', 'ups'),
(313, '2024-11-18', '2024-11-21', 'fedex'),
(314, '2025-11-17', '2025-11-23', 'ups'),
(315, '2025-05-14', '2025-05-20', 'fedex'),
(316, '2025-03-03', '2025-03-06', 'dhl'),
(318, '2025-09-28', '2025-10-03', 'fedex'),
(319, '2025-03-11', '2025-03-15', 'ups'),
(320, '2025-07-07', '2025-07-10', 'dhl'),
(321, '2025-01-16', '2025-01-17', 'fedex'),
(322, '2025-08-14', '2025-08-20', 'fedex'),
(323, '2025-03-09', '2025-03-13', 'ups'),
(325, '2025-12-18', '2025-12-22', 'ups'),
(326, '2025-11-12', '2025-11-17', 'dhl'),
(327, '2025-05-28', '2025-05-30', 'dhl'),
(328, '2025-11-03', '2025-11-04', 'ups'),
(331, '2025-06-23', '2025-06-26', 'ups'),
(332, '2024-07-20', '2024-07-26', 'fedex'),
(333, '2024-02-22', '2024-02-25', 'ups'),
(334, '2025-08-03', '2025-08-07', 'dhl'),
(335, '2025-10-18', '2025-10-21', 'ups'),
(336, '2025-01-27', '2025-01-28', 'ups'),
(339, '2025-06-01', '2025-06-05', 'ups'),
(340, '2025-12-12', '2025-12-13', 'dhl'),
(341, '2025-03-12', '2025-03-16', 'fedex'),
(342, '2025-07-04', '2025-07-09', 'fedex'),
(343, '2024-07-29', '2024-08-04', 'ups'),
(344, '2025-02-01', '2025-02-02', 'dhl'),
(345, '2025-07-16', '2025-07-17', 'dhl'),
(346, '2025-10-31', '2025-11-03', 'fedex'),
(348, '2026-01-13', '2026-01-15', 'dhl'),
(349, '2025-06-09', '2025-06-13', 'ups'),
(350, '2025-06-30', '2025-07-03', 'ups'),
(351, '2025-08-07', '2025-08-09', 'ups'),
(352, '2025-03-21', '2025-03-23', 'ups'),
(354, '2025-11-19', '2025-11-24', 'dhl'),
(355, '2025-09-27', '2025-10-01', 'fedex'),
(356, '2025-03-13', '2025-03-19', 'ups'),
(357, '2025-04-22', '2025-04-23', 'ups'),
(358, '2025-09-24', '2025-09-29', 'ups'),
(359, '2025-10-21', '2025-10-23', 'dhl'),
(360, '2025-08-11', '2025-08-15', 'ups'),
(361, '2026-01-19', '2026-01-21', 'dhl'),
(364, '2025-10-28', '2025-11-03', 'ups'),
(366, '2025-05-01', '2025-05-04', 'dhl'),
(367, '2025-11-09', '2025-11-12', 'dhl'),
(368, '2026-01-02', '2026-01-05', 'dhl'),
(369, '2025-09-22', '2025-09-24', 'dhl'),
(370, '2025-05-24', '2025-05-27', 'dhl'),
(371, '2025-04-10', '2025-04-11', 'ups'),
(374, '2025-03-23', '2025-03-29', 'fedex'),
(375, '2025-05-25', '2025-05-29', 'dhl'),
(376, '2025-11-09', '2025-11-12', 'ups'),
(377, '2025-11-07', '2025-11-12', 'dhl'),
(378, '2025-11-21', '2025-11-27', 'ups'),
(380, '2026-01-15', '2026-01-19', 'ups'),
(381, '2026-01-12', '2026-01-13', 'ups'),
(382, '2025-11-03', '2025-11-07', 'ups'),
(383, '2025-11-18', '2025-11-20', 'dhl'),
(385, '2025-05-18', '2025-05-22', 'ups'),
(386, '2025-09-02', '2025-09-08', 'dhl'),
(387, '2025-12-29', '2026-01-03', 'fedex'),
(388, '2025-03-31', '2025-04-03', 'ups'),
(389, '2025-12-27', '2026-01-01', 'dhl'),
(390, '2024-02-29', '2024-03-04', 'fedex'),
(391, '2026-01-23', '2026-01-26', 'fedex'),
(392, '2025-07-14', '2025-07-20', 'dhl'),
(393, '2026-01-08', '2026-01-12', 'dhl'),
(394, '2025-12-21', '2025-12-24', 'ups'),
(397, '2025-12-23', '2025-12-29', 'fedex'),
(398, '2025-09-29', '2025-10-04', 'fedex'),
(400, '2025-07-16', '2025-07-22', 'ups');